source,target,platform,weight
S1005,S1035,X (Twitter),3
S1015,S1096,Instagram,11
S1010,S1118,TikTok,4
S1052,S1079,WhatsApp,12
S1043,S1030,TikTok,14
S1092,S1000,TikTok,8
S1031,S1106,X (Twitter),13
S1098,S1096,WhatsApp,10
S1056,S1101,Instagram,10
S1094,S1009,X (Twitter),3
S1088,S1109,WhatsApp,3
S1030,S1017,WhatsApp,4
S1056,S1025,TikTok,11
S1011,S1007,X (Twitter),9
S1008,S1065,X (Twitter),4
S1092,S1072,WhatsApp,12
S1009,S1001,TikTok,8
S1030,S1057,Instagram,11
S1073,S1021,X (Twitter),12
S1056,S1015,Instagram,3
S1085,S1098,X (Twitter),2
S1001,S1070,TikTok,5
S1059,S1108,WhatsApp,7
S1041,S1112,Instagram,6
S1094,S1086,TikTok,9
S1114,S1044,WhatsApp,9
S1020,S1091,TikTok,9
S1061,S1011,X (Twitter),1
S1065,S1100,WhatsApp,6
S1037,S1056,TikTok,12
S1097,S1083,TikTok,1
S1046,S1097,X (Twitter),14
S1046,S1073,TikTok,2
S1045,S1100,X (Twitter),14
S1065,S1004,Instagram,8
S1055,S1013,WhatsApp,6
S1099,S1070,X (Twitter),10
S1037,S1086,Instagram,4
S1079,S1022,X (Twitter),14
S1048,S1105,X (Twitter),7
S1099,S1037,WhatsApp,14
S1036,S1019,Instagram,7
S1025,S1113,Instagram,6
S1041,S1003,TikTok,11
S1011,S1114,Instagram,2
S1040,S1101,WhatsApp,3
S1110,S1091,TikTok,2
S1072,S1027,TikTok,9
S1092,S1072,X (Twitter),14
S1092,S1061,TikTok,11
S1072,S1100,WhatsApp,1
S1109,S1027,X (Twitter),4
S1074,S1012,Instagram,8
S1025,S1064,Instagram,9
S1048,S1036,TikTok,2
S1015,S1117,WhatsApp,8
S1092,S1100,WhatsApp,11
S1080,S1116,Instagram,6
S1046,S1043,Instagram,11
S1026,S1104,X (Twitter),10
S1053,S1070,Instagram,1
S1050,S1019,WhatsApp,9
S1036,S1090,TikTok,11
S1104,S1108,TikTok,1
S1062,S1000,Instagram,12
S1088,S1065,TikTok,3
S1093,S1068,X (Twitter),10
S1013,S1094,WhatsApp,14
S1034,S1048,Instagram,14
S1113,S1046,WhatsApp,1
S1069,S1076,TikTok,10
S1006,S1056,X (Twitter),14
S1093,S1107,TikTok,4
S1119,S1031,WhatsApp,7
S1113,S1112,X (Twitter),12
S1097,S1117,Instagram,9
S1019,S1056,WhatsApp,11
S1017,S1026,TikTok,4
S1040,S1092,Instagram,10
S1109,S1068,TikTok,7
S1048,S1109,X (Twitter),1
S1089,S1097,Instagram,8
S1115,S1006,TikTok,13
S1013,S1058,WhatsApp,4
S1013,S1109,WhatsApp,7
S1088,S1063,X (Twitter),7
S1068,S1013,WhatsApp,10
S1117,S1037,TikTok,6
S1038,S1111,TikTok,1
S1031,S1078,TikTok,6
S1033,S1111,X (Twitter),14
S1001,S1022,WhatsApp,5
S1061,S1057,Instagram,14
S1049,S1100,WhatsApp,12
S1054,S1062,Instagram,10
S1090,S1014,TikTok,3
S1026,S1010,X (Twitter),13
S1047,S1042,TikTok,6
S1048,S1041,Instagram,13
S1024,S1029,X (Twitter),3
S1062,S1052,TikTok,12
S1114,S1074,X (Twitter),5
S1112,S1100,WhatsApp,10
S1040,S1062,Instagram,1
S1050,S1052,WhatsApp,2
S1082,S1033,X (Twitter),3
S1069,S1093,Instagram,8
S1010,S1063,TikTok,9
S1069,S1077,TikTok,8
S1000,S1020,Instagram,8
S1040,S1101,TikTok,13
S1035,S1107,X (Twitter),8
S1033,S1058,X (Twitter),14
S1113,S1002,TikTok,11
S1084,S1041,TikTok,10
S1043,S1096,Instagram,6
S1092,S1095,WhatsApp,11
S1003,S1010,X (Twitter),9
S1027,S1074,X (Twitter),10
S1078,S1049,X (Twitter),3
S1016,S1118,Instagram,10
S1013,S1081,X (Twitter),7
S1105,S1010,TikTok,11
S1024,S1084,X (Twitter),10
S1001,S1096,X (Twitter),4
S1082,S1046,TikTok,3
S1101,S1097,WhatsApp,5
S1084,S1118,Instagram,7
S1071,S1117,X (Twitter),1
S1086,S1065,TikTok,9
S1097,S1081,TikTok,3
S1049,S1090,WhatsApp,8
S1050,S1075,X (Twitter),10
S1017,S1112,X (Twitter),8
S1003,S1079,WhatsApp,4
S1101,S1079,TikTok,3
S1042,S1072,Instagram,10
S1012,S1102,X (Twitter),8
S1106,S1076,TikTok,12
S1047,S1016,Instagram,13
S1092,S1032,Instagram,1
S1118,S1048,TikTok,9
S1012,S1021,X (Twitter),5
S1061,S1038,X (Twitter),3
S1067,S1113,TikTok,13
S1077,S1106,WhatsApp,9
S1036,S1104,WhatsApp,10
S1015,S1087,WhatsApp,7
S1117,S1061,X (Twitter),4
S1032,S1030,X (Twitter),10
S1090,S1006,X (Twitter),10
S1004,S1094,TikTok,9
S1071,S1113,WhatsApp,12
S1117,S1005,Instagram,14
S1024,S1035,Instagram,2
S1119,S1072,X (Twitter),4
S1116,S1019,TikTok,7
S1048,S1102,Instagram,5
S1091,S1038,Instagram,14
S1093,S1013,Instagram,3
S1013,S1118,X (Twitter),9
S1063,S1079,Instagram,9
S1000,S1103,X (Twitter),10
S1099,S1082,WhatsApp,11
S1117,S1032,WhatsApp,13
S1046,S1055,Instagram,8
S1110,S1081,X (Twitter),14
S1086,S1108,WhatsApp,5
S1002,S1036,X (Twitter),6
S1044,S1075,WhatsApp,1
S1047,S1101,X (Twitter),8
S1052,S1109,TikTok,8
S1069,S1092,TikTok,4
S1112,S1036,X (Twitter),2
S1044,S1052,X (Twitter),6
S1021,S1070,WhatsApp,6
S1118,S1075,Instagram,4
S1025,S1077,Instagram,10
S1118,S1102,TikTok,3
S1071,S1113,TikTok,7
S1042,S1083,Instagram,7
S1070,S1061,TikTok,1
S1078,S1085,X (Twitter),5
S1095,S1065,X (Twitter),13
S1060,S1103,X (Twitter),12
S1083,S1110,TikTok,2
S1066,S1092,Instagram,6
S1035,S1032,WhatsApp,4
S1048,S1093,X (Twitter),1
S1087,S1105,TikTok,11
S1046,S1000,Instagram,9
S1021,S1012,X (Twitter),5
S1076,S1072,Instagram,11
S1111,S1024,TikTok,7
S1077,S1081,X (Twitter),12
S1008,S1003,X (Twitter),9
S1011,S1026,X (Twitter),7
S1084,S1119,WhatsApp,12
S1082,S1035,WhatsApp,2
S1020,S1075,X (Twitter),2
S1028,S1022,WhatsApp,4
S1099,S1039,Instagram,13
S1093,S1077,TikTok,8
S1043,S1101,TikTok,1
S1059,S1003,Instagram,1
S1101,S1019,TikTok,2
S1105,S1017,Instagram,13
S1068,S1085,TikTok,5
S1072,S1039,Instagram,3
S1027,S1057,WhatsApp,13
S1009,S1054,TikTok,6
S1076,S1046,Instagram,1
S1119,S1008,WhatsApp,2
S1079,S1048,Instagram,2
S1087,S1111,WhatsApp,9
S1005,S1082,X (Twitter),6
S1055,S1052,TikTok,6
S1005,S1098,X (Twitter),10
S1103,S1113,Instagram,8
S1066,S1025,X (Twitter),5
S1037,S1052,TikTok,11
S1114,S1010,TikTok,7
S1005,S1039,TikTok,12
S1019,S1087,Instagram,9
S1100,S1016,X (Twitter),5
S1114,S1063,X (Twitter),2
S1089,S1092,Instagram,10
S1089,S1073,WhatsApp,12
S1073,S1043,Instagram,13
S1029,S1119,X (Twitter),2
S1052,S1050,Instagram,3
S1074,S1047,Instagram,2
S1087,S1037,WhatsApp,3
S1027,S1045,Instagram,4
S1012,S1103,WhatsApp,10
S1014,S1080,X (Twitter),11
S1092,S1005,X (Twitter),2
S1002,S1019,TikTok,6
S1016,S1043,TikTok,10
S1079,S1113,X (Twitter),4
S1093,S1094,WhatsApp,10
S1021,S1117,X (Twitter),5
S1009,S1073,Instagram,12
S1048,S1087,Instagram,9
S1108,S1024,WhatsApp,4
S1002,S1080,WhatsApp,1
S1057,S1011,X (Twitter),1
S1116,S1006,Instagram,8
S1070,S1090,X (Twitter),9
S1062,S1004,TikTok,13
